,Customer_ID,Name,Age,Gender
0,C1,Samantha Campbell,24,Female
1,C2,Regina Powell,63,Female
2,C3,Tracy Adams,61,Female
3,C4,John Wilcox,41,Male
4,C5,Mary Adams,53,Female
5,C6,Holly Adams,50,Female
6,C7,Kimberly Hughes,23,Female
7,C8,Ryan Ayers,46,Male
8,C9,Diana Allen,22,Female
9,C10,Joshua Castro,30,Male
10,C11,Michael Wilson,18,Male
11,C12,Jonathan Butler,61,Male
12,C13,Rachel Martinez,61,Female
13,C14,Ashley Johnson,25,Female
14,C15,Natalie Miller,18,Female
15,C16,Kathleen Levy,58,Female
16,C17,Cindy Mathews,53,Female
17,C18,Chloe Tyler,48,Female
18,C19,Lynn Houston,55,Female
19,C20,Matthew Collins,59,Male
20,C21,Victoria Williams,37,Female
21,C22,Jesse Griffin,59,Male
22,C23,Angela Miles,20,Female
23,C24,Melissa Hughes,41,Female
24,C25,Ronald Diaz,64,Male
25,C26,Stacy Martinez,18,Female
26,C27,Jeremy Gonzalez,33,Male
27,C28,Brendan Wise,52,Male
28,C29,Lawrence Mitchell,64,Male
29,C30,Annette Ellis,28,Female
30,C31,Christy Green,37,Female
31,C32,Latasha Moore,41,Female
32,C33,Bradley Tanner,52,Male
33,C34,James Williams,18,Male
34,C35,Amanda Peterson,35,Female
35,C36,Amanda Lane,43,Female
36,C37,David Hudson,34,Male
37,C38,Jason Gordon,45,Male
38,C39,Abigail Oconnor,18,Female
39,C40,Gregory Dean,32,Male
40,C41,Alicia Miranda,44,Female
41,C42,Christine Hernandez,34,Female
42,C43,Amanda Clay,24,Female
43,C44,Benjamin Santos,47,Male
44,C45,James Foster,30,Male
45,C46,John Sandoval,52,Male
46,C47,George Hawkins,43,Male
47,C48,Jean Sandoval,63,Female
48,C49,Brian Schwartz,33,Male
49,C50,Matthew Tyler,61,Male
50,C51,Douglas Pacheco,32,Male
51,C52,Grant Martin,55,Male
52,C53,Dana Robertson,52,Female
53,C54,Lori Bowen,18,Female
54,C55,Julia Johnson,50,Female
55,C56,Heather Robinson,58,Female
56,C57,Candace Hill,50,Female
57,C58,David Smith,61,Male
58,C59,Nicholas Cook,53,Male
59,C60,Mark Robbins,24,Male
60,C61,Samuel Jacobs,23,Male
61,C62,John Hamilton,33,Male
62,C63,Christopher Lawson,51,Male
63,C64,Samantha Murphy,57,Female
64,C65,Rick Johnson,63,Male
65,C66,Michelle Mendoza,35,Female
66,C67,Paul Bauer,26,Male
67,C68,Amber Fowler,26,Female
68,C69,Michele Hughes,38,Female
69,C70,Mallory Woodard,57,Female
70,C71,Christina Sparks,63,Female
71,C72,Arthur Hogan,26,Male
72,C73,Alicia Pitts,56,Female
73,C74,Jay Knapp,49,Male
74,C75,Jerry Mitchell,19,Male
75,C76,Michael Burke,50,Male
76,C77,Charles Miller,24,Male
77,C78,Mark Gonzales,27,Male
78,C79,Daniel Webb,23,Male
79,C80,Daniel Campbell,64,Male
80,C81,Stephanie Kline,46,Female
81,C82,John Fowler,32,Male
82,C83,Valerie Lewis,32,Female
83,C84,Terri Hartman,20,Female
84,C85,Antonio Moore,24,Male
85,C86,Sheila Campbell,60,Female
86,C87,Kathleen Huang,31,Female
87,C88,Edward Jones,37,Male
88,C89,Willie Hamilton,62,Male
89,C90,Paul Beasley,49,Male
90,C91,John Adams,54,Male
91,C92,Meagan Lyons,58,Female
92,C93,Morgan Wiggins,19,Female
93,C94,Lisa Mccormick,62,Female
94,C95,Samantha Wells,19,Female
95,C96,Richard Scott,35,Male
96,C97,Dana Valenzuela,32,Female
97,C98,Tiffany Mendez,28,Female
98,C99,Cynthia Sullivan,39,Female
99,C100,Samuel Jackson,43,Male
100,C101,Kevin Carrillo,49,Male
101,C102,Megan Holloway,24,Female
102,C103,Penny Harrison,55,Female
103,C104,Douglas Wright,42,Male
104,C105,Rose Rodriguez,47,Female
105,C106,Timothy Wells,45,Male
106,C107,Craig Freeman,60,Male
107,C108,Travis Deleon,34,Male
108,C109,Dennis Sanchez,35,Male
109,C110,Robin Porter,31,Female
110,C111,Hannah Gomez,18,Female
111,C112,Kathy Pena,63,Female
112,C113,Evelyn Smith,54,Female
113,C114,Emma Morgan,29,Female
114,C115,Jacqueline Bowers,53,Female
115,C116,Joseph Alexander,19,Male
116,C117,Gregory Harvey,36,Male
117,C118,Jennifer Brown,49,Female
118,C119,Suzanne Martin,43,Female
119,C120,Tina Mitchell,28,Female
120,C121,Laura Galloway,60,Female
121,C122,William Taylor Jr.,51,Male
122,C123,Melissa Hill,36,Female
123,C124,Deanna White,19,Female
124,C125,Mary Hicks,54,Female
125,C126,Jason Jones,18,Male
126,C127,Miss Cynthia Buckley MD,41,Female
127,C128,Donald Kelley,42,Male
128,C129,Wendy Duncan,58,Female
129,C130,David Moreno,42,Male
130,C131,Mrs. Erica Fisher,33,Female
131,C132,Aaron Sims,18,Male
132,C133,Jonathan Hayes,28,Male
133,C134,Anne King,37,Female
134,C135,James Hartman,51,Male
135,C136,Denise Noble,60,Female
136,C137,Natalie Ramirez,29,Female
137,C138,Kristen Hawkins,35,Female
138,C139,George Kim,52,Male
139,C140,Gregory Mullen,20,Male
140,C141,Angela Gray,58,Female
141,C142,Catherine Rogers,31,Female
142,C143,Maria Rose,28,Female
143,C144,Derek Jefferson,29,Male
144,C145,Tara Livingston,20,Female
145,C146,Tanya Roy,46,Female
146,C147,Tamara Richards,47,Female
147,C148,Pamela Mitchell,30,Female
148,C149,Kurt Cruz,50,Male
149,C150,Shelley Weber,44,Female
150,C151,Michael Robles,41,Male
151,C152,Michelle Ramsey,35,Female
152,C153,Emily Gomez,30,Female
153,C154,Julia Alvarado,37,Female
154,C155,Joshua Williams,50,Male
155,C156,Jeffrey Ochoa,47,Male
156,C157,Larry Anderson,19,Male
157,C158,Jonathan Nunez,52,Male
158,C159,Michael Duncan,61,Male
159,C160,Alexandria Sellers,25,Female
160,C161,Randy Thompson,54,Male
161,C162,Dean Griffith,53,Male
162,C163,Raymond Kelly,25,Male
163,C164,Terry West,63,Male
164,C165,James Gill,56,Male
165,C166,Michelle Gonzalez,61,Female
166,C167,Teresa Peterson,41,Female
167,C168,Monica Garcia,32,Female
168,C169,Robert Braun,20,Male
169,C170,Matthew Mendoza,20,Male
170,C171,Dustin Shaw,46,Male
171,C172,Kristin Smith,56,Female
172,C173,Dwayne Johnston,64,Male
173,C174,Christopher Rodriguez,40,Male
174,C175,Austin Stevens,19,Male
175,C176,Angela Vaughn,18,Female
176,C177,Angela Mendez,22,Female
177,C178,William Steele,18,Male
178,C179,Crystal Lane,55,Female
179,C180,Amy Morgan,46,Female
180,C181,Susan Perkins,47,Female
181,C182,Jeffery Barnes,31,Male
182,C183,Aaron White,20,Male
183,C184,Krista Quinn,62,Female
184,C185,Richard Gomez,23,Male
185,C186,Rachel Shaw,18,Female
186,C187,Jeremy Jones,64,Male
187,C188,Linda White,62,Female
188,C189,Melissa Smith,19,Female
189,C190,Frank Nguyen,35,Male
190,C191,Jason Gonzalez,42,Male
191,C192,Taylor Lane,50,Female
192,C193,Scott Martin,58,Male
193,C194,Taylor Martinez,38,Male
194,C195,Lisa Smith,33,Female
195,C196,Heidi Floyd,33,Female
196,C197,Melissa Reed,56,Female
197,C198,Allison Williams,19,Female
198,C199,Julie Hutchinson,46,Female
199,C200,Daisy Cooper,27,Female
200,C201,Jennifer Ruiz,42,Female
201,C202,Zachary Chase,39,Male
202,C203,Erika Cook,57,Female
203,C204,Jose Hudson,53,Male
204,C205,George Lawrence,51,Male
205,C206,Amanda Zuniga,63,Female
206,C207,Shelby Cooper,25,Female
207,C208,Mary Hubbard,53,Female
208,C209,Steven Mcmahon,41,Male
209,C210,Maria Hall,61,Female
210,C211,Robin Harris DVM,48,Female
211,C212,Victoria Harris,49,Female
212,C213,Alicia Moore,45,Female
213,C214,Kathleen Knight,36,Female
214,C215,Angelica Williams,18,Female
215,C216,Scott Green,38,Male
216,C217,Leah Carson,29,Female
217,C218,Ashley Rios,44,Female
218,C219,Timothy Carson,49,Male
219,C220,April Bennett,32,Female
220,C221,Jennifer Smith,51,Female
221,C222,Johnathan Allen,40,Male
222,C223,Katherine Davis,25,Female
223,C224,Elizabeth Hobbs,24,Female
224,C225,Valerie Roberson,60,Female
225,C226,Mr. Zachary Mccann,20,Male
226,C227,Anna Campbell,22,Female
227,C228,Olivia Perez,53,Female
228,C229,John Wong,19,Male
229,C230,Scott Bell,52,Male
230,C231,Joshua Mitchell,20,Male
231,C232,Michael Stafford,61,Male
232,C233,Michael Knight,41,Male
233,C234,Amber Kirby,64,Female
234,C235,Phyllis Bridges,38,Female
235,C236,Eric Mcdowell PhD,25,Male
236,C237,Meghan Grimes,46,Female
237,C238,Chad Sullivan,59,Male
238,C239,Tiffany Jackson,27,Female
239,C240,Mr. Jason Mcguire,28,Male
240,C241,Jonathan Keller,32,Male
241,C242,Michael Bruce,25,Male
242,C243,Garrett Leonard,35,Male
243,C244,Spencer Johns,29,Male
244,C245,Heather Gonzales MD,19,Female
245,C246,Terry Sharp,20,Male
246,C247,Benjamin Carter,39,Male
247,C248,Brian Johnson,44,Male
248,C249,Andrew Wise,63,Male
249,C250,Deborah Smith,54,Female
